[
    {
      "name":"GRADE 1",
      "delivery":"Available",
      "delivery_charge": 50,
      "image":"https://i.ibb.co/KzW6mH0/Untitled-design.png",

      "menus": [
        {
          "name": "English",
          "price": 250,
          "url": "https://i.ibb.co/zsr2t41/Eng.jpg"
        },
        {
          "name": "Maths",
          "price": 300,
          "url": "https://i.ibb.co/q7SdQvD/Maths.jpg"
        },
        {
          "name": "Tamil",
          "price": 200,
          "url": "https://i.ibb.co/dtPfBNn/Tamil.jpg"
        },
        {
          "name": "Environmental",
          "price": 300,
          "url": "https://i.ibb.co/GvS5DkZ/Env.jpg"
        },
        {
          "name": "Sinhala",
          "price": 300,
          "url": "https://i.ibb.co/QFFWjzR/Sinhala.jpg"
        },
        {
          "name": "Practice",
          "price": 300,
          "url": "https://i.ibb.co/17fbm2X/Practice.jpg"
        }
      ]
    },
  {
    "name":"GRADE 2",
    "delivery":"Available",
    "delivery_charge": 50,
    "image":"https://i.ibb.co/KzW6mH0/Untitled-design.png",

    "menus": [
      {
        "name": "English",
        "price": 250,
        "url": "https://i.ibb.co/zsr2t41/Eng.jpg"
      },
      {
        "name": "Maths",
        "price": 300,
        "url": "https://i.ibb.co/q7SdQvD/Maths.jpg"
      },
      {
        "name": "Tamil",
        "price": 200,
        "url": "https://i.ibb.co/dtPfBNn/Tamil.jpg"
      },
      {
        "name": "Environmental",
        "price": 300,
        "url": "https://i.ibb.co/GvS5DkZ/Env.jpg"
      },
      {
        "name": "Sinhala",
        "price": 300,
        "url": "https://i.ibb.co/QFFWjzR/Sinhala.jpg"
      },
      {
        "name": "Practice",
        "price": 300,
        "url": "https://i.ibb.co/17fbm2X/Practice.jpg"
      }
    ]
  },
  {
    "name":"GRADE 3",
    "delivery":"Available",
    "delivery_charge": 50,
    "image":"https://i.ibb.co/KzW6mH0/Untitled-design.png",

    "menus": [
      {
        "name": "English",
        "price": 250,
        "url": "https://i.ibb.co/zsr2t41/Eng.jpg"
      },
      {
        "name": "Maths",
        "price": 300,
        "url": "https://i.ibb.co/q7SdQvD/Maths.jpg"
      },
      {
        "name": "Tamil",
        "price": 200,
        "url": "https://i.ibb.co/dtPfBNn/Tamil.jpg"
      },
      {
        "name": "Environmental",
        "price": 300,
        "url": "https://i.ibb.co/GvS5DkZ/Env.jpg"
      },
      {
        "name": "Sinhala",
        "price": 300,
        "url": "https://i.ibb.co/QFFWjzR/Sinhala.jpg"
      },
      {
        "name": "Practice",
        "price": 300,
        "url": "https://i.ibb.co/17fbm2X/Practice.jpg"
      }
    ]
  },
  {
    "name":"GRADE 4",
    "delivery":"Available",
    "delivery_charge": 50,
    "image":"https://i.ibb.co/KzW6mH0/Untitled-design.png",

    "menus": [
      {
        "name": "English",
        "price": 250,
        "url": "https://i.ibb.co/zsr2t41/Eng.jpg"
      },
      {
        "name": "Maths",
        "price": 300,
        "url": "https://i.ibb.co/q7SdQvD/Maths.jpg"
      },
      {
        "name": "Tamil",
        "price": 200,
        "url": "https://i.ibb.co/dtPfBNn/Tamil.jpg"
      },
      {
        "name": "Environmental",
        "price": 300,
        "url": "https://i.ibb.co/GvS5DkZ/Env.jpg"
      },
      {
        "name": "Sinhala",
        "price": 300,
        "url": "https://i.ibb.co/QFFWjzR/Sinhala.jpg"
      },
      {
        "name": "Practice",
        "price": 300,
        "url": "https://i.ibb.co/17fbm2X/Practice.jpg"
      }
    ]
  },
  {
    "name":"GRADE 5",
    "delivery":"Available",
    "delivery_charge": 50,
    "image":"https://i.ibb.co/KzW6mH0/Untitled-design.png",


    "menus": [
      {
        "name": "English",
        "price": 250,
        "url": "https://i.ibb.co/zsr2t41/Eng.jpg"
      },
      {
        "name": "Maths",
        "price": 300,
        "url": "https://i.ibb.co/q7SdQvD/Maths.jpg"
      },
      {
        "name": "Tamil",
        "price": 200,
        "url": "https://i.ibb.co/dtPfBNn/Tamil.jpg"
      },
      {
        "name": "Environmental",
        "price": 300,
        "url": "https://i.ibb.co/GvS5DkZ/Env.jpg"
      },
      {
        "name": "Sinhala",
        "price": 300,
        "url": "https://i.ibb.co/QFFWjzR/Sinhala.jpg"
      },
      {
        "name": "Practice",
        "price": 300,
        "url": "https://i.ibb.co/17fbm2X/Practice.jpg"
      }
    ]
  }
]